{"count":1,"self":1053.1357696,"total":2029.4428960999999,"children":{"InitializeActuators":{"count":10,"self":0.0020250999999999997,"total":0.0020250999999999997,"children":null},"InitializeSensors":{"count":10,"self":0.0025505,"total":0.0025505,"children":null},"AgentSendState":{"count":802017,"self":17.4835824,"total":30.875860699999997,"children":{"CollectObservations":{"count":1002530,"self":2.6115112,"total":2.6115112,"children":null},"WriteActionMask":{"count":1002530,"self":0.54628,"total":0.54628,"children":null},"RequestDecision":{"count":1002530,"self":2.0831964,"total":10.2344876,"children":{"AgentInfo.ToProto":{"count":1002530,"self":1.9375749999999998,"total":8.1512912,"children":{"GenerateSensorData":{"count":1002530,"self":5.2993223999999994,"total":6.2137161999999995,"children":{"RayPerceptionSensor.Perceive":{"count":1002530,"self":0.9143939,"total":0.9143939,"children":null}}}}}}}}},"DecideAction":{"count":802017,"self":932.03261439999994,"total":932.032621,"children":null},"AgentAct":{"count":802017,"self":13.3641816,"total":13.3641813,"children":null},"AgentInfo.ToProto":{"count":1681,"self":0.0080076,"total":0.028877999999999997,"children":{"GenerateSensorData":{"count":1681,"self":0.0208704,"total":0.0208704,"children":{"RayPerceptionSensor.Perceive":{"count":1681,"self":0,"total":0,"children":null}}}}}},"gauges":{"car_agent.CumulativeReward":{"count":1681,"max":62.0463142,"min":0.856067359,"runningAverage":48.6243,"value":57.0437126,"weightedAverage":54.6194}},"metadata":{"timer_format_version":"0.1.0","start_time_seconds":"1699824452","unity_version":"2022.3.11f1","command_line_arguments":"G:\\Unity\\Editor\\2022.3.11f1\\Editor\\Unity.exe -projectpath D:\\Pro\\Enseignement\\Ynov_campus\\AI_driver\\AI_driver -useHub -hubIPC -cloudEnvironment production","communication_protocol_version":"1.5.0","com.unity.ml-agents_version":"3.0.0-exp.1","scene_name":"Track2","end_time_seconds":"1699826482"}}