{"count":1,"self":1254.8625408,"total":2229.9891408999997,"children":{"InitializeActuators":{"count":10,"self":0.0010284,"total":0.0010284,"children":null},"InitializeSensors":{"count":10,"self":0.0019955999999999997,"total":0.0019955999999999997,"children":null},"AgentSendState":{"count":809517,"self":17.3207616,"total":31.5505709,"children":{"CollectObservations":{"count":1011900,"self":2.6724772,"total":2.6724772,"children":null},"WriteActionMask":{"count":1011900,"self":0.61878709999999992,"total":0.61878709999999992,"children":null},"RequestDecision":{"count":1011900,"self":2.3688835999999998,"total":10.9385447,"children":{"AgentInfo.ToProto":{"count":1011900,"self":2.0231236,"total":8.569661,"children":{"GenerateSensorData":{"count":1011900,"self":5.5775776,"total":6.5465373,"children":{"RayPerceptionSensor.Perceive":{"count":1011900,"self":0.9689595,"total":0.9689595,"children":null}}}}}}}}},"DecideAction":{"count":809517,"self":929.92634879999991,"total":929.92634,"children":null},"AgentAct":{"count":809517,"self":13.6228816,"total":13.6228822,"children":null},"AgentInfo.ToProto":{"count":1720,"self":0.0082452,"total":0.0237448,"children":{"GenerateSensorData":{"count":1720,"self":0.015499599999999999,"total":0.015499599999999999,"children":{"RayPerceptionSensor.Perceive":{"count":1720,"self":0,"total":0,"children":null}}}}}},"gauges":{"car_agent.CumulativeReward":{"count":1720,"max":80.04179,"min":-1.09654307,"runningAverage":45.17339,"value":74.04278,"weightedAverage":68.89078}},"metadata":{"timer_format_version":"0.1.0","start_time_seconds":"1699119027","unity_version":"2022.3.11f1","command_line_arguments":"G:\\Unity\\Editor\\2022.3.11f1\\Editor\\Unity.exe -projectpath D:\\Pro\\Enseignement\\Ynov_campus\\AI_driver\\AI_driver -useHub -hubIPC -cloudEnvironment production","communication_protocol_version":"1.5.0","com.unity.ml-agents_version":"3.0.0-exp.1","scene_name":"Track1","end_time_seconds":"1699121257"}}