{"count":1,"self":31.008009599999998,"total":62.9900339,"children":{"InitializeActuators":{"count":30,"self":0.0015352999999999999,"total":0.0015352999999999999,"children":null},"InitializeSensors":{"count":30,"self":0.0030288999999999997,"total":0.0030288999999999997,"children":null},"AgentSendState":{"count":9651,"self":0.61906169999999994,"total":0.9659751,"children":{"CollectObservations":{"count":28980,"self":0.043378799999999995,"total":0.043378799999999995,"children":null},"WriteActionMask":{"count":28980,"self":0.0232149,"total":0.0232149,"children":null},"RequestDecision":{"count":28980,"self":0.0705286,"total":0.2803197,"children":{"AgentInfo.ToProto":{"count":28980,"self":0.0437648,"total":0.20979109999999998,"children":{"GenerateSensorData":{"count":28980,"self":0.1414817,"total":0.1660263,"children":{"RayPerceptionSensor.Perceive":{"count":28980,"self":0.0245446,"total":0.0245446,"children":null}}}}}}}}},"DecideAction":{"count":9651,"self":30.641545599999997,"total":30.641544099999997,"children":null},"AgentAct":{"count":9651,"self":0.3312076,"total":0.3312076,"children":null},"AgentInfo.ToProto":{"count":2859,"self":0.010728999999999999,"total":0.038733199999999995,"children":{"GenerateSensorData":{"count":2859,"self":0.0220408,"total":0.0280042,"children":{"RayPerceptionSensor.Perceive":{"count":2859,"self":0.0059634,"total":0.0059634,"children":null}}}}}},"gauges":{"car_agent.CumulativeReward":{"count":2859,"max":2.69999933,"min":0.09999999,"runningAverage":0.3145855,"value":0.3000001,"weightedAverage":0.322396249}},"metadata":{"timer_format_version":"0.1.0","start_time_seconds":"1698964645","unity_version":"2022.3.11f1","command_line_arguments":"G:\\Unity\\Editor\\2022.3.11f1\\Editor\\Unity.exe -projectpath D:\\Pro\\Enseignement\\Ynov_campus\\AI_driver\\AI_driver -useHub -hubIPC -cloudEnvironment production","communication_protocol_version":"1.5.0","com.unity.ml-agents_version":"3.0.0-exp.1","scene_name":"Track1","end_time_seconds":"1698964708"}}